{"loss": 0.0915360301733017, "compile_metrics": 0.983299970626831, "name": "unbatched"}